-- phpMyAdmin SQL Dump
-- version 4.6.5.2
-- https://www.phpmyadmin.net/
--
-- Хост: 127.0.0.1:3306
-- Время создания: Апр 23 2018 г., 17:56
-- Версия сервера: 5.6.34
-- Версия PHP: 5.6.29

SET SQL_MODE = "NO_AUTO_VALUE_ON_ZERO";
SET time_zone = "+00:00";


/*!40101 SET @OLD_CHARACTER_SET_CLIENT=@@CHARACTER_SET_CLIENT */;
/*!40101 SET @OLD_CHARACTER_SET_RESULTS=@@CHARACTER_SET_RESULTS */;
/*!40101 SET @OLD_COLLATION_CONNECTION=@@COLLATION_CONNECTION */;
/*!40101 SET NAMES utf8mb4 */;

--
-- База данных: `shop_db`
--

-- --------------------------------------------------------

--
-- Структура таблицы `categories`
--

CREATE TABLE `categories` (
  `id_category` int(11) NOT NULL,
  `name` varchar(255) NOT NULL,
  `sort_order` int(11) NOT NULL DEFAULT '0',
  `status` int(11) NOT NULL DEFAULT '1'
) ENGINE=InnoDB DEFAULT CHARSET=utf8;

--
-- Дамп данных таблицы `categories`
--

INSERT INTO `categories` (`id_category`, `name`, `sort_order`, `status`) VALUES
(1, 'Городские велосипеды', 1, 1),
(2, 'Горные (MTB) велосипеды', 2, 1),
(3, 'Гибриды', 3, 1),
(4, 'Шоссейные велосипеды', 4, 1),
(5, 'Складные велосипеды', 5, 1),
(6, 'Круизеры', 6, 1),
(7, 'Fat bikes', 7, 1),
(8, 'Электровелосипеды', 8, 1);

-- --------------------------------------------------------

--
-- Структура таблицы `products`
--

CREATE TABLE `products` (
  `id_product` int(11) NOT NULL,
  `name` varchar(255) NOT NULL,
  `id_category` int(11) NOT NULL,
  `code` int(11) NOT NULL,
  `price` float NOT NULL,
  `is_available` int(11) NOT NULL,
  `brand` varchar(255) NOT NULL,
  `image` varchar(255) NULL,
  `description` text NOT NULL,
  `is_new` int(11) NOT NULL DEFAULT '0',
  `is_recommended` int(11) NOT NULL DEFAULT '0',
  `status` int(11) NOT NULL DEFAULT '1'
) ENGINE=InnoDB DEFAULT CHARSET=utf8;

--
-- Дамп данных таблицы `products`
--

INSERT INTO `products` (`id_product`, `name`, `id_category`, `code`, `price`, `is_available`, `brand`, `image`, `description`, `is_new`, `is_recommended`, `status`) VALUES
(37, 'Stels Десна Вояж Gent 2018', 1, 1001, 6040, 1, 'Stels', '', 'Рама+подвеска\r\nРама	сталь\r\nКаретка	сталь\r\nТрансмиссия\r\nСистема (шатуны)	WHEELTOP сталь, 40\r\nКассета	18T\r\nТормоза\r\nТормоза	Задний ножной\r\nКолеса\r\nОбода	алюминиевые\r\nПокрышки	Wanda 28\r\nСистема рулевого управления\r\nВилка	сталь\r\nДругое\r\nЦвета	синий, черный\r\nМатериал рамы	Сталь\r\nПол	Мужские\r\nГод	2018', 1, 0, 1),
(38, 'ALTAIR City high 28 2018', 1, 1002, 7230, 1, 'Altair', '', 'Рама+подвеска\r\nРама	Сталь Hi-Ten\r\nКаретка	Feimin HB-TB602, стальная\r\nТрансмиссия\r\nСистема (шатуны)	Golden Swallow GS-S112, стальная\r\nПедали	Стальная ось\r\nЦепь	KMC C410\r\nСкорость	1\r\nТормоза\r\nТормоза	Ножной тормоз\r\nКолеса\r\nДиаметр	28\"\r\nОбода	Алюминиевые Forward SW, крашенные\r\nВтулки	Задняя: Power / Передняя: Shunfeng, стальные\r\nПокрышки	Wanda P142, 28x1,75 (22tpi)\r\nСистема рулевого управления\r\nВилка	Жесткая вилка\r\nРулевая	Neco, 1 1/8\", резьбовая\r\nВынос	Резьбовой стальной\r\nРуль	Стальной, комфорт\r\nДругое\r\nПодседельный штырь	Стальной, 28,6x200\r\nСедло	Comfort\r\nОбщие характеристики\r\nВес	16,5 кг\r\nРазмеры	19\'\'\r\nДополнительно	Полноразмерные стальные крашеные крылья\r\nДополнительное оборудование\r\nБагажник	Стальной с зажимом крашеный\r\nЭлемент каталога	464028\r\nПол	Мужские, Женские\r\nГод	2018', 1, 0, 1),
(43, 'Stels Navigator-700 V 26\" 2018', 1, 1003, 20050, 1, 'Stels', '', 'Рама+подвеска\r\nРама	Алюминий\r\nКаретка	Картридж\r\nТрансмиссия\r\nЗадний переключатель	Shimano Tourney RD-TY300\r\nПередний переключатель	Shimano Tourney FD-TY510\r\nМанетки	Shimano Tourney ST-EF500 Рычажного типа\r\nСистема (шатуны)	Сталь/алюм., 28/38/48, 170мм\r\nКассета	Shimano MF-TZ21\r\nПедали	Пластик\r\nСкорость	21\r\nТормоза\r\nТормоза	V-типа\r\nКолеса\r\nДиаметр	26\"\r\nОбода	Алюминий, двойной\r\nВтулки	Алюм, под быстр. зажим\r\nПокрышки	26x1,95\r\nСистема рулевого управления\r\nВилка	Suntour NEX, Амортизационная\r\nРулевая	Безрезьбовая полуинтегрированная\r\nДругое\r\nЦвета	Синий-металлик\r\nОбщие характеристики\r\nВес	16,6\r\nРазмеры	18\"/19,5\"\r\nДополнительно	крылья сталь\r\nЭлемент каталога	324621\r\nПол	Мужские\r\nГод	2018', 1, 0, 1),
(44, 'Author VICTORIA 2018', 1, 1004, 28980, 1, 'Author', '', 'Рама+подвеска\r\nРама	alloy 6061 26\" (L)\r\nКаретка	VP COMP cartridge\r\nТрансмиссия\r\nЗадний переключатель	SHIMANO TY700\r\nПередний переключатель	SHIMANO TY700(31.8)\r\nМанетки	SHIMANO Altus (24)\r\nСистема (шатуны)	PROWHEEL42-34-24 teeth170 mm cranks\r\nКассета	SHIMANO HG200-8 12-32 (8)\r\nПедали	resin\r\nЦепь	KMC Z72\r\nСкорость	24\r\nТормоза\r\nТормоза	AUTHOR Argon32 holes\r\nКолеса\r\nОбода	AUTHOR Argon32 holes\r\nВтулки	QUANDO32 holes\r\nПокрышки	CST Classic Venice 26\" x 2.00\"\r\nСпицы	steel\r\nСистема рулевого управления\r\nВилка	RST Capa T(80 mm)\r\nРулевая	PRESTINE Integrated1-1/8\"\r\nВынос	ZOOM adjustable\r\nРуль	steel 42 mm 620 mm\r\nДругое\r\nПодседельный штырь	ZOOM suspension(27.2)\r\nСедло	AUTHOR Queen Sofa\r\nОбщие характеристики\r\nВес	14.9 кг\r\nРазмеры	16\", 18\"\r\nЭлемент каталога	323869\r\nМатериал рамы	Алюминий\r\nПол	Женские\r\nГод	2018', 1, 0, 1),
(45, 'Trek DS 1 2018', 1, 1005, 34250, 1, 'Trek', '', 'Рама+подвеска\r\nРама	Alpha Gold Aluminum, возможность установки датчика DuoTrap S, крепления для крыльев и багажника\r\nКаретка	Закрытый картридж\r\nТрансмиссия\r\nЗадний переключатель	Shimano Altus M310\r\nПередний переключатель	Shimano Tourney TY51\r\nМанетки	Shimano Altus EF500, 7 скоростей\r\nСистема (шатуны)	Forged алюминиевый сплав, 48/38/28 с защитой цепи\r\nКассета	SunRace freewheel, 14-34t, 7 скоростей\r\nПедали	нейлоновые педали Wellgo\r\nЦепь	KMC Z51\r\nТормоза\r\nТормоза	Tektro M280 механические дисковые\r\nКолеса\r\nОбода	Bontrager Connection алюминиевый сплав, 32 отверстия под спицы\r\nВтулки	Formula DC20 алюминиевый сплав\r\nПокрышки	Bontrager LT2, 700x38c\r\nСистема рулевого управления\r\nРулевая	1-1/8 \" безрезьбовая, 1-1/8 \" безрезьбовая, герметичные картриджные подшипники\r\nВынос	Bontrager алюминиевый сплав, 25.4mm, 25- градусов\r\nРуль	Bontrager Riser, 25.4mm, 30 mm подъём\r\nДругое\r\nЦвета	Metallic Charcoal, Green-light\r\nПодседельный штырь	Bontrager SSR, 2-х болтовый зажим, диаметр 27.2 mm, смещение 8 мм\r\nСедло	Bontrager Sport\r\nОбщие характеристики\r\nВес	Вес: 19\" - 13.66 кг. Максимальный вес велосипедиста - 136 кг.\r\nРазмеры	15.5, 17.5, 19, 21, 22.5\r\nМатериал рамы	Алюминий\r\nПол	Мужские\r\nГод	2018', 1, 1, 1),
(46, 'Scott Sub Comfort 10 Unisex 2018', 1, 1006, 60130, 1, 'Scott', '', 'Рама+подвеска\r\nРама	SUB Comfort 6061 Tig welding\r\nКаретка	VP-BC73C\r\nТрансмиссия\r\nЗадний переключатель	Shimano Acera RD-T3000-SGS 8 Speed\r\nПередний переключатель	Shimano Altus FD-TY710\r\nМанетки	Shimano ST-EF500\r\nСистема (шатуны)	Shimano FC-TY501 Black 48x36x26T\r\nКассета	Shimano CS-HG31 11-32T\r\nПедали	VP 856\r\nЦепь	KMC Z-72\r\nТормоза\r\nТормоза	Promax TX123\r\nКолеса\r\nДиаметр	28.0\r\nОбода	Cross X2, 32h\r\nПокрышки	Schwalbe Road Cruiser 700x42c\r\nСистема рулевого управления\r\nВилка	Suntour M3010 / 50mm travel / coil\r\nВынос	Syncros UC3.0 adjustable\r\nРуль	Syncros UC3.0\r\nДругое\r\nПодседельный штырь	Syncros UC3.0 Suspension Seatpost\r\nСедло	Syncros Comfort Saddle\r\nОбщие характеристики\r\nВес	18.00 кг\r\nМатериал рамы	Алюминий\r\nПол	Мужские, Женские\r\nГод	2018', 1, 0, 1),
(47, 'Forward Parma 1.0 2017', 1, 1007, 9820, 1, 'Forward', '', 'Рама+подвеска\r\nРама	Сталь Hi-Ten\r\nКаретка	Neco, стальная\r\nТрансмиссия\r\nСистема (шатуны)	Golden Swallow GS-S112, стальная хромированная\r\nЦепь	KMC C410\r\nТормоза\r\nТормоза	Ножной тормоз\r\nКолеса\r\nДиаметр	26\"\r\nОбода	Алюминиевые двустеночные Forward DW, анодированные\r\nВтулки	Задняя: Kunteng / Передняя: Shunfeng, стальные хромированные\r\nПокрышки	Forward, 26x1,95 (30tpi)\r\nСистема рулевого управления\r\nВилка	Жесткая стальная\r\nРулевая	Neco, 1 1/8\'\', резьбовая\r\nВынос	Резьбовой стальной хромированный\r\nРуль	Стальной хромированный, комфорт\r\nДругое\r\nЦвета	белый матовый\r\nПодседельный штырь	Сталь, 28,6x300 мм\r\nСедло	Cionlli Comfort\r\nОбщие характеристики\r\nВес	15,5 кг\r\nРазмеры	18,5\"\r\nДополнительное оборудование\r\nБагажник	Стальной с зажимом хромированный\r\nЭлемент каталога	323729\r\nДиаметр колеса	26\"\r\nСерия	419757\r\nМатериал рамы	Сталь\r\nПол	Мужские, Женские\r\nГод	2017', 0, 0, 1),
(48, 'Stark Luna 26.1 RV 2017', 1, 1008, 11790, 1, 'Stark', '', 'Рама+подвеска\r\nРама	AL-6061 lady\r\nТрансмиссия\r\nЗадний переключатель	SHIMANO RD-TY21\r\nПередний переключатель	DNP\r\nМанетки	SHIMANO SL-RS35 revoshift\r\nСистема (шатуны)	42/34/24. Количество звезд системы 3\r\nКассета	SUNRACE MFM2A 14-28T. Количество звезд в кассете 6\r\nЦепь	KMC CD408\r\nСкорость	18\r\nТормоза\r\nТормоза	V-brake\r\nКолеса\r\nДиаметр	26\"\r\nОбода	Alloy double wall двойные\r\nВтулки	Anteng 206\r\nПокрышки	26*2,125\"\r\nСистема рулевого управления\r\nВилка	STARK rigid fork, жесткая\r\nДругое\r\nЦвета	красный/желтый\r\nОбщие характеристики\r\nРазмеры	14.5\", 16\", 18\"\r\nДиаметр колеса	26\"\r\nСерия	419863\r\nМатериал рамы	Алюминий\r\nПол	Женские\r\nГод	2017', 0, 0, 1),
(49, 'Format 7733 2017', 1, 1009, 20510, 1, 'Format', '', 'Рама+подвеска\r\nРама	26\", Woman/City, алюминиевый сплав 6061, евро каретка\r\nКаретка	Neco B910, картриджная\r\nТрансмиссия\r\nЗадний переключатель	Shimano Altus, RD-M310\r\nПередний переключатель	Shimano FD-TY700\r\nМанетки	Shimano ST-EF65\r\nСистема (шатуны)	Prowheel, 170 мм, число зубьев 42-34-24\r\nКассета	Shimano CS-HG41\r\nПедали	Алюминиевые Woman City-series\r\nЦепь	KMC Z8RB\r\nТормоза\r\nТормоза	V-Brake Promax TX-125\r\nКолеса\r\nДиаметр	26\"\r\nОбода	Алюминиевые двустеночные Weinmann XTB26, 32 спицы, Schrader\r\nВтулки	Format, 9x100 мм, 10x135 мм, эксцентрик\r\nПокрышки	Rubena Cityhopper Classic, 26x2.10\"\r\nСистема рулевого управления\r\nВилка	Жесткая вилка, Сталь\r\nРулевая	Neco, внешние чашки, резьбовая, 25.4x34x30\r\nВынос	Format Woman City, диаметр: 25.4 мм, длина: 90 мм\r\nРуль	Format Woman City, ширина: 600 мм, подъём: 70 мм, диаметр: 25.4 мм\r\nДругое\r\nЦвета	морская волна\r\nПодседельный штырь	Format Woman City, диаметр: 27.2 мм, длина: 350 мм\r\nСедло	Format Woman City\r\nОбщие характеристики\r\nВес	13,2 кг.\r\nРазмеры	one size\r\nЭлемент каталога	334624\r\nДиаметр колеса	26\"\r\nМатериал рамы	Алюминий\r\nПол	Женские\r\nГод	2017', 0, 0, 1),
(50, 'POLYGON SIERRA AX 24 2017', 1, 1010, 21240, 1, 'Polygon', '', 'Рама+подвеска\r\nРама	AL6 CITY, 10X135MM\r\nТрансмиссия\r\nЗадний переключатель	SHIMANO TOURNEY RD-TZ31\r\nМанетки	SHIMANO TOURNEY SL-RS25\r\nСистема (шатуны)	STEEL CRANK 36T, 152MM\r\nКассета	SHIMANO TOURNEY MF-TZ21, 14-28T\r\nПедали	PLASTIC PEDAL\r\nЦепь	KMC HV-500\r\nТормоза\r\nТормоза	ALLOY, V-BRAKE\r\nКолеса\r\nДиаметр	24\r\nОбода	SINGLE WALL RIMS\r\nВтулки	ALLOY HUB\r\nПокрышки	24”X1.75”\r\nСистема рулевого управления\r\nВилка	HI-TEN STEEL RIGID FORK\r\nРулевая	EXTERNAL CAGED BEARING ID:34MM\r\nВынос	ALLOY, 80MM\r\nРуль	ALLOY, 595MM\r\nДругое\r\nЦвета	cream\r\nПодседельный штырь	ALLOY/STEEL, 27.2X250MM\r\nСедло	SADDLE, STEEL RAIL\r\nОбщие характеристики\r\nРазмеры	14\r\nДополнительно	корзина\r\nПол	Женские\r\nГод	2017', 0, 0, 1),
(51, 'STELS ДЕСНА 2600 2018', 2, 1011, 8620, 1, 'Stels', '', 'Рама+подвеска\r\nРама	сталь\r\nТрансмиссия\r\nЗадний переключатель	Shimano Tourney RD-TZ50\r\nМанетки	MICROSHIFT TS-37\r\nСистема (шатуны)	сталь, 40T, шатун 170 мм\r\nКассета	KANGYUE 14-28T\r\nПедали	NECO, пластик\r\nСкорость	7\r\nТормоза\r\nТормоза	тормоза V-типа POWER\r\nКолеса\r\nОбода	AL двойной обод\r\nВтулки	сталь\r\nПокрышки	WANDA 26\"х195\r\nСистема рулевого управления\r\nВилка	аморт. коронка AL, ход 60 мм\r\nОбщие характеристики\r\nРазмеры	15\" 17\"\r\nЭлемент каталога	476501\r\nМатериал рамы	Сталь\r\nПол	Женские\r\nГод	2018', 1, 0, 1),
(52, 'BLACK ONE Onix 26 2017', 2, 1012, 10350, 1, 'Black One', '', 'Рама+подвеска\r\nРама	Легированная сталь, HT Сталь (Hi-Ten)\r\nКаретка	GS-S307 170 мм\r\nТрансмиссия\r\nЗадний переключатель	SHIMANO RD-TY21A\r\nПередний переключатель	DNP\r\nМанетки	QILONG F-51 3*7 rapidfire\r\nКассета	DNP TM-1007CFQB\r\nЦепь	TAYA TB50\r\nСкорость	21\r\nТормоза\r\nТормоза	Power VBR-132S V-brake Ободные (V-brake)\r\nКолеса\r\nДиаметр	26\'\'\r\nОбода	Qijian DH18 Alu двойной\r\nПокрышки	QS S009 26\r\nСистема рулевого управления\r\nВилка	Амотризационная стальная (пружина)\r\nДиаметр колеса	26\"\r\nМатериал рамы	Сталь\r\nПол	Мужские\r\nГод	2017\r\nВтулка передняя	Anteng FH206/RH207 36H эксцентрик\r\nВтулка задняя	Anteng FH206/RH207 36H эксцентрик', 0, 0, 1),
(53, 'ALTAIR MTB HT 26 1.0 2017', 2, 1013, 10490, 1, 'Altair', '', 'Рама+подвеска\r\nРама	Сталь Hi-Ten\r\nКаретка	Feimin HB-TB602, стальная\r\nТрансмиссия\r\nЗадний переключатель	SunRun RD-HG-04A\r\nПередний переключатель	SunRun FD-QD-35A\r\nМанетки	SunRun SL-KDSG-03C\r\nСистема (шатуны)	HDLWheel HDL-S309, стальная\r\nКассета	Kangyue KFW-660\r\nПедали	Стальная ось\r\nЦепь	KMC HV500 RO\r\nСкорость	18\r\nТормоза\r\nТормоза	Ободные V-Brake Power VBR-131S\r\nКолеса\r\nДиаметр	26\"\r\nОбода	Алюминиевые, Forward SW\r\nВтулки	Shunfeng, стальные анодированнные\r\nПокрышки	Wanda P1197A, 26x2,125 (22tpi)\r\nСистема рулевого управления\r\nВилка	Жесткая\r\nРулевая	Neco, 1\", резьбовая\r\nВынос	Резьбовой стальной\r\nРуль	Стальной, 25,4х600 мм\r\nДругое\r\nЦвета	желтый, черный, голубой\r\nПодседельный штырь	Стальной, 28,6x300\r\nОбщие характеристики\r\nВес	15,3 кг\r\nРазмеры	17\'\', 19\'\'\r\nДополнительно	подножка\r\nДиаметр колеса	26\"\r\nПол	Мужские\r\nГод	2017', 0, 0, 1),
(54, 'Forward Flash 1.0 2017', 2, 1014, 10630, 1, 'Forward', '', 'Рама+подвеска\r\nРама	Сталь Hi-ten\r\nКаретка	Neco, стальная\r\nТрансмиссия\r\nЗадний переключатель	Shimano Tourney TY TY21B\r\nМанетки	Shimano Tourney RS35, вращающаяся рукоять\r\nСистема (шатуны)	Golden Swallow GS-S112, стальная\r\nКассета	Трещотка Kangyue KFW-660\r\nЦепь	KMC HV500 RO\r\nСкорость	6\r\nТормоза\r\nТормоза	Promax TX-119, ободные (V-Brake)\r\nКолеса\r\nДиаметр	26\"\r\nОбода	Алюминиевые двустеночные Weinmann X-M2\r\nВтулки	Joytech, стальные анодированные\r\nПокрышки	Forward, 26x2,125 (30tpi)\r\nСистема рулевого управления\r\nВилка	жесткая, стальная\r\nРулевая	Neco, 1 1/8\'\', резьбовая\r\nВынос	Резьбовой стальной матовый\r\nРуль	Стальной матовый, 25.4х620 мм\r\nДругое\r\nЦвета	чёрный, белый\r\nПодседельный штырь	Сталь, 28,6x300 мм\r\nСедло	MTB\r\nОбщие характеристики\r\nВес	15,2 кг\r\nРазмеры	15\r\nДополнительно	Пластиковые крылья\r\nЭлемент каталога	323701\r\nДиаметр колеса	26\"\r\nСерия	419739\r\nМатериал рамы	Сталь\r\nПол	Мужские, Женские\r\nГод	2017', 0, 0, 1),
(55, 'Maverick Energy 1.0 2017', 2, 1015, 10900, 1, 'Maverick', '', 'Рама+подвеска\r\nРама	Сталь\r\nКаретка	NECO, B906\r\nТрансмиссия\r\nЗадний переключатель	SHIMANO, Tourney, FD-TZ50\r\nПередний переключатель	SHIMANO, Tourney, FD-TZ30\r\nМанетки	SHIMANO, Tourney, SL-RS35\r\nСистема (шатуны)	24x34x42T, сталь\r\nКассета	DNP, 7sp\r\nПедали	FEIMIN, пластик\r\nЦепь	KMC, C50\r\nТормоза\r\nТормоза	V-BRAKE, сталь\r\nКолеса\r\nДиаметр	26\"\r\nОбода	DP-19A, двухстеночные\r\nВтулки	SHUNFENG\r\nПокрышки	MAVERICK, F158, 26\"x2.125\"\r\nСистема рулевого управления\r\nВилка	ZOOM, CH-325A\r\nРулевая	G068, алюм.\r\nВынос	Maverick, алюм.\r\nРуль	Maverick, алюм.\r\nОбщие характеристики\r\nРазмеры	17,5\", 19\"\r\nДополнительно	крылья пластик\r\nДиаметр колеса	26\"\r\nТеги	437169\r\nМатериал рамы	Сталь\r\nПол	Мужские\r\nГод	2017', 0, 0, 1),
(56, 'HORST Norden 2017', 2, 1016, 11200, 1, 'Horst', '', 'Рама+подвеска\r\nРама	hi-ten 26\"\r\nКаретка	YONGLING D-3\r\nТрансмиссия\r\nЗадний переключатель	SHIMANO TY21\r\nПередний переключатель	SHIMANO TZ30\r\nМанетки	Shimano Tourney\r\nСистема (шатуны)	42-32-22 зубьев 170 мм шатуны\r\nКассета	SHUNFENG，14-28T (7)\r\nПедали	FEIMIN, пластмасса\r\nЦепь	KMC Z33\r\nСкорость	21\r\nТормоза\r\nТормоза	SPARKLE,V-BRAKE\r\nКолеса\r\nДиаметр	26\r\nОбода	двойные обода,36 отверстий, алюминий\r\nВтулки	SHUNFENG, 36 отверстий\r\nПокрышки	FEIYADA 26\"*2.125\r\nСпицы	сталь\r\nСистема рулевого управления\r\nВилка	HORST 711B\r\nРулевая	NECO H800K, 1\"\r\nВынос	HORST, сталь\r\nРуль	HORST,600мм,сталь\r\nДругое\r\nЦвета	черный/красный/голубой\r\nПодседельный штырь	HORST 28.6*350 мм, сталь\r\nСедло	HORST\r\nОбщие характеристики\r\nВес	16,5\r\nРазмеры	19\r\nДополнительно	Крылья, защита передних звезд, подножка\r\nЭлемент каталога	471118\r\nДиаметр колеса	26\"\r\nПол	Мужские\r\nГод	2017', 0, 0, 1),
(57, 'Stark Respect 26.1 RV 2017', 2, 1017, 11490, 1, 'Stark', '', 'Рама+подвеска\r\nРама	Al 6061\r\nТрансмиссия\r\nЗадний переключатель	Shimano TY-21\r\nПередний переключатель	Power FD-150\r\nМанетки	Shimano SL-RS35\r\nСистема (шатуны)	42/34/24\r\nКассета	Sunrace MFM2A 14-28t\r\nЦепь	KMC CD408\r\nСкорость	18\r\nТормоза\r\nТормоза	V-brake\r\nКолеса\r\nДиаметр	26\'\'\r\nОбода	Alloy double wall\r\nПокрышки	Wanda 26*2.125\r\nСистема рулевого управления\r\nВилка	Cro-mo\r\nДругое\r\nЦвета	серый/красный\r\nОбщие характеристики\r\nРазмеры	16, 18, 20\r\nДиаметр колеса	26\"\r\nСерия	419867\r\nМатериал рамы	Алюминий\r\nПол	Мужские\r\nГод	2017', 0, 0, 1),
(58, 'Author TROPHY 2017', 2, 1018, 15730, 1, 'Author', '', 'Рама+подвеска\r\nРама	Стальная\r\nКаретка	VP COMP\r\nТрансмиссия\r\nЗадний переключатель	SHIMANO TY21\r\nПередний переключатель	SHIMANO TY500 (28.6)\r\nМанетки	SHIMANO (18)\r\nСистема (шатуны)	PROWHEEL 42-34-24 зубьев, шатуны 170 мм\r\nКассета	SHIMANO MF-TZ20 14-28 зубьев, 6 скоростей\r\nПедали	пластик\r\nЦепь	KMC Z50\r\nСкорость	18 скоростей\r\nТормоза\r\nТормоза	ободные, V-brakes\r\nКолеса\r\nДиаметр	26\"\r\nОбода	алюминиевый\r\nВтулки	QUANDO 36 отверстия\r\nПокрышки	AUTHOR Speed Master 26\" x 2.00\"\r\nСпицы	стальные\r\nСистема рулевого управления\r\nВилка	ZOOM ход 60 мм\r\nРулевая	VP COMP 1\"\r\nВынос	KALIN стальной\r\nРуль	Стальной руль Kalin\r\nДругое\r\nЦвета	Kongo Green/Phantom Black, Phantom Black/Neon Orange, Author Red /Phantom Black\r\nПодседельный штырь	сталь диаметр (25.4)\r\nСедло	AUTHOR\r\nОбщие характеристики\r\nВес	заявленный вес 15.8 кг\r\nРазмеры	15\", 17\", 19\", 21\"\r\nЭлемент каталога	317358\r\nДиаметр колеса	26\"\r\nМатериал рамы	Сталь\r\nПол	Мужские\r\nГод	2017', 0, 0, 1),
(59, 'Welt Edelweiss 1.0 2018', 2, 1019, 17690, 1, 'Welt', '', 'Рама+подвеска\r\nРама	Alloy 6061\r\nТрансмиссия\r\nЗадний переключатель	Shimano TY-300\r\nПередний переключатель	Shimano TZ-30\r\nМанетки	Shimano EF-500 3x7\r\nСистема (шатуны)	steel 42/34/24\r\nКассета	Shimano TZ21 14-28T\r\nСкорость	21\r\nТормоза\r\nТормоза	Alloy YX-122 V-brake\r\nКолеса\r\nДиаметр	26\r\nСистема рулевого управления\r\nВилка	Hagen MRK 100mm MLO амортизационная\r\nРулевая	1-1/8\" безрезьбовая\r\nОбщие характеристики\r\nРазмеры	S, M\r\nЭлемент каталога	465033\r\nДиаметр колеса	26\"\r\nМатериал рамы	Алюминий\r\nПол	Женские\r\nГод	2018', 1, 1, 1),
(60, 'MERIDA Juliet 6.5-V 2017', 2, 1020, 20355, 1, 'Merida', '', 'Рама+подвеска\r\nРама	JULIET SPEED-V\r\nКаретка	Cartridge bearing\r\nТрансмиссия\r\nЗадний переключатель	Shimano Tourney RD-TY300D\r\nМанетки	SRAM MRX 3spd / SRAM MRX 7spd\r\nСистема (шатуны)	Prowheel 42-34-24T\r\nКассета	Shimano TZ-21 14-28T 7sp\r\nПедали	PP pedal\r\nЦепь	KMC Z51\r\nТормоза\r\nТормоза	V-Brake Linear / V-Brake Linear\r\nКолеса\r\nДиаметр	26\'\'\r\nОбода	Merida double V\r\nВтулки	OV Alloy QR\r\nПокрышки	Merida 26 2.1\r\nСпицы	Steel UCP\r\nСистема рулевого управления\r\nВилка	Merida CH-389 80\r\nРулевая	Quill Headset\r\nВынос	Adjustable Stem\r\nРуль	Merida Rise 620\r\nДругое\r\nЦвета	yellow/white(green)\r\nПодседельный штырь	MERIDA speed 27.2*350\r\nСедло	Juliet Sport\r\nОбщие характеристики\r\nРазмеры	13.5\" 15\" 17\" 18.5\"\r\nДополнительно	звонок YWS-Alloy\r\nДиаметр колеса	26\"\r\nПол	Женские\r\nГод	2017', 0, 0, 1),
(61, 'Author THEMA 2017', 3, 1021, 17580, 1, 'Author', '', 'Рама+подвеска\r\nРама	Алюминиевый сплав 6061\r\nКаретка	VP COMP картридж\r\nТрансмиссия\r\nЗадний переключатель	SHIMANO TY500\r\nПередний переключатель	SHIMANO TY500 (31.8)\r\nМанетки	SHIMANO (21)\r\nСистема (шатуны)	PROWHEEL, 42-34-24 зубьев, 170 мм шатуны\r\nКассета	SHIMANO MF-TZ21 14-28 (7)\r\nПедали	пластик\r\nЦепь	KMC Z51\r\nСкорость	21 скорость\r\nТормоза\r\nТормоза	TEKTRO V, ободные\r\nКолеса\r\nОбода	алюминиевый, двойной, 36 отверстий\r\nВтулки	QUANDO 36 отверстий\r\nПокрышки	AUTHOR Speed Master 700 x 42c\r\nСпицы	сталь\r\nСистема рулевого управления\r\nВилка	жесткая, стальная\r\nРулевая	VP COMP 1-1/8\"\r\nВынос	ZOOM алюминиевый\r\nРуль	Стальной руль с подъемом 20 мм.\r\nДругое\r\nПодседельный штырь	ZOOM алюминий диаметр 27.2\r\nСедло	AUTHOR Noble\r\nОбщие характеристики\r\nВес	заявленный вес 12.9 кг / 19\"\r\nРазмеры	17\", 19\"\r\nЭлемент каталога	316491\r\nМатериал рамы	Алюминий\r\nПол	Женские\r\nГод	2017', 0, 0, 1),
(62, 'Stark Terros 28.2 V 2017', 3, 1022, 18990, 1, 'Stark', '', 'Рама+подвеска\r\nРама	Alloy-6061 trekking\r\nТрансмиссия\r\nЗадний переключатель	SHIMANO RD-TY300D\r\nПередний переключатель	SHIMANO RD-TY300D\r\nМанетки	SHIMANO ST-EF500\r\nСистема (шатуны)	42/34/24. Количество звезд системы 3\r\nКассета	SHIMANO MF-TZ21 14-28T. Количество звезд в кассете 7\r\nЦепь	KMC Z50\r\nСкорость	21\r\nТормоза\r\nТормоза	Alloy V-brakes\r\nКолеса\r\nДиаметр	28\"\r\nОбода	Alloy double wall двойные\r\nВтулки	Quando\r\nПокрышки	Chaoyang 700C*38 reflective\r\nСистема рулевого управления\r\nВилка	Zoom 120E Trekking. Ход вилки 30mm\r\nДругое\r\nЦвета	серый/зеленый\r\nОбщие характеристики\r\nРазмеры	18\", 20\"\r\nДиаметр колеса	28\"\r\nМатериал рамы	Алюминий\r\nПол	Мужские\r\nГод	2017', 0, 0, 1),
(63, 'Merida Crossway 10-V 2017', 3, 1023, 23010, 1, 'Merida', '', 'Рама+подвеска\r\nРама	Crossway DT-V\r\nКаретка	Картриджные подшипники\r\nТрансмиссия\r\nЗадний переключатель	Shimano Altus 8\r\nПередний переключатель	Shimano TY 7s 48\r\nМанетки	Shimano EF41, fire\r\nСистема (шатуны)	Shimano TY301 48-38-28 CG\r\nКассета	Shimano MF-TZ21, 14-28\r\nПедали	PP\r\nЦепь	Chain 7s\r\nСкорость	21\r\nТормоза\r\nТормоза	Ободные\r\nКолеса\r\nДиаметр	28\r\nОбода	Merida V\r\nВтулки	OV, алюминиевый сплав\r\nПокрышки	Cross 700 40C\r\nСпицы	Сталь, ucp\r\nСистема рулевого управления\r\nВилка	SR NEX 63\r\nРулевая	Thread set\r\nВынос	Adjustable Quill stem\r\nРуль	Merida сталь, ширина 660 мм, R30\r\nДругое\r\nЦвета	Matt Black (Green/Grey)\r\nПодседельный штырь	Suspension, 27.2 мм\r\nСедло	Cross Sport\r\nОбщие характеристики\r\nВес	14.70 кг\r\nРазмеры	46, 48, 52, 55, 58\r\nЭлемент каталога	324001\r\nПол	Мужские\r\nГод	2017', 0, 0, 1),
(64, 'Giant Escape 3 2017', 3, 1024, 24300, 1, 'Giant', '', 'Рама+подвеска\r\nРама	ALUXX-Grade Aluminum\r\nКаретка	Shimano BB-UN26\r\nТрансмиссия\r\nЗадний переключатель	Shimano Tourney\r\nПередний переключатель	Shimano Tourney\r\nМанетки	Shimano ST-EF40, 21-Speed\r\nКассета	MF-TZ31, 14-34, 7s\r\nПедали	Giant Sport\r\nЦепь	KMC Z51\r\nТормоза\r\nТормоза	Tektro TK837. V-brake\r\nКолеса\r\nДиаметр	700c\r\nОбода	Giant GX02 Double Wall Aluminum\r\nВтулки	Joytech, 32h\r\nПокрышки	Giant S-X3 Puncture Protect, 700x32\r\nСпицы	Stainless Steel\r\nСистема рулевого управления\r\nВилка	High Tensile Chromoly Steel (w/ Low-rider Rack Mount)\r\nВынос	Giant Sport, 31.8, 15-Degree\r\nРуль	Giant Sport, 31.8, Low Rise\r\nДругое\r\nЦвета	Темно-серый/Угольный\r\nПодседельный штырь	Giant Sport, 27.2x375\r\nСедло	Giant Connect Upright\r\nОбщие характеристики\r\nРазмеры	XS, S, M, L, XL\r\nСерия	419815\r\nМатериал рамы	Алюминий\r\nПол	Мужские\r\nГод	2017', 0, 0, 1),
(65, 'POLYGON PREMIER 3 27.5 2017', 3, 1025, 26910, 1, 'Polygon', '', 'Рама+подвеска\r\nРама	AL6 XC SPORT, 135MM O.L.D., IS MOUNT\r\nТрансмиссия\r\nЗадний переключатель	SHIMANO ALTUS RD-M310-SGS\r\nПередний переключатель	SHIMANO FD-TY700\r\nМанетки	SHIMANO TOURNEY ST-TX800\r\nСистема (шатуны)	SHIMANO FC-TY301 42X34X24T, 170MM\r\nКассета	SUNRACE, 8-SPEED 11-32T\r\nПедали	ALLOY STANDARD PEDAL\r\nЦепь	KMC Z-7\r\nТормоза\r\nТормоза	TEKTRO MD-M300, MECHANICAL DISC BRAKE\r\nКолеса\r\nДиаметр	27.5\r\nОбода	DOUBLE WALL RIMS\r\nВтулки	ALLOY HUB\r\nПокрышки	DELI TRAX, 27.5”X2.10”, CLINCHER\r\nСистема рулевого управления\r\nВилка	SR SUNTOUR XCM, TRAVEL 120MM, STANDARD STEERER\r\nРулевая	POLYGON INTERNAL CAGED BEARING ID:44MM\r\nВынос	ENTITY OE, ALLOY, 60MM(S-M), 80MM(L)\r\nРуль	ENTITY OE, ALLOY, 680MM\r\nДругое\r\nЦвета	white\r\nПодседельный штырь	ENTITY SPORT, ALLOY, 27.2X350MM\r\nСедло	ENTITY, STEEL RAIL\r\nОбщие характеристики\r\nРазмеры	16, 18, 20\r\nПол	Мужские\r\nГод	2017', 0, 0, 1),
(66, 'KELLYS CLEA 10 2017', 3, 1026, 27740, 1, 'Kellys', '', 'Рама+подвеска\r\nРама	Kellys Aluminum 6061 alloy lady`s\r\nКаретка	Feimin\r\nТрансмиссия\r\nЗадний переключатель	Turney RD-TY300\r\nПередний переключатель	Shimano FD-M191-6\r\nМанетки	Shimano ST-EF510\r\nСистема (шатуны)	Prowheel MY-A605+ 48/38/28\r\nКассета	CS-HG-200 12x32\r\nПедали	Feimin FP-804\r\nЦепь	KMC Z-51\r\nСкорость	21\r\nТормоза\r\nТормоза	Apse t-210\r\nКолеса\r\nДиаметр	28\"\r\nОбода	Kelly`s Draft\r\nВтулки	KT-A515F/задняя KT-AZ1R\r\nПокрышки	Innova 700*42C\r\nСпицы	Remerx stainless silver\r\nСистема рулевого управления\r\nВилка	SF M3010 P700 50mm\r\nРулевая	Feimin\r\nВынос	Uno alloy\r\nРуль	ZOOM ocel\r\nДругое\r\nПодседельный штырь	SP-200 Steel\r\nСедло	KLS ComfortLine\r\nЭлемент каталога	410867\r\nМатериал рамы	Алюминий\r\nПол	Мужские\r\nГод	2017', 0, 0, 1),
(67, 'Trek Neko 1 WSD 2018', 3, 1027, 34800, 1, 'Trek', '', 'Рама+подвеска\r\nРама	WSD Alpha Gold Aluminum, возможность установки датчика DuoTrap S, крепления для крыльев и багажника\r\nКаретка	Закрытый картридж\r\nТрансмиссия\r\nЗадний переключатель	Shimano Altus M310\r\nПередний переключатель	Shimano Tourney TY51\r\nМанетки	Shimano Altus EF500, 7 скоростей\r\nСистема (шатуны)	Forged алюминиевый сплав, 48/38/28 с защитой цепи\r\nКассета	SunRace freewheel, 14-34t, 7 скоростей\r\nПедали	нейлоновые педали Wellgo\r\nЦепь	KMC Z51\r\nТормоза\r\nТормоза	Tektro M280 механические дисковые\r\nКолеса\r\nДиаметр	28\"\r\nОбода	Bontrager Connection алюминиевый сплав, 32 отверстия под спицы\r\nВтулки	Formula DC20 алюминиевый сплав/Formula DC31 алюминиевый сплав\r\nПокрышки	Bontrager LT2, 700x38c\r\nСистема рулевого управления\r\nРулевая	1-1/8 \" безрезьбовая, 1-1/8 \" безрезьбовая, герметичные картриджные подшипники\r\nВынос	Bontrager алюминиевый сплав, 25.4mm, 25- градусов\r\nРуль	Bontrager Riser, 25.4mm, 30 mm подъём\r\nДругое\r\nЦвета	Quicksilver, Matte Trek Black\r\nПодседельный штырь	Bontrager SSR, 2-х болтовый зажим, диаметр 27.2 mm, смещение 8 мм\r\nСедло	Bontrager Sport\r\nОбщие характеристики\r\nВес	Вес: 16\" - 14.11 кг. Максимальный вес велосипедиста - 136 кг.\r\nРазмеры	14, 16, 18\r\nМатериал рамы	Алюминий\r\nПол	Женские\r\nГод	2018', 1, 1, 1),
(68, 'MARIN Pine Mountain Q 27.5+ 2017', 3, 1028, 64700, 1, 'Marin', '', 'Рама+подвеска\r\nРама	Double Butted CrMo, 27.5+ Wheels, Boost 141x9mm Open Dropouts\r\nТрансмиссия\r\nЗадний переключатель	SRAM GX 10-Speed\r\nМанетки	SRAM GX 1x10-Speed\r\nСистема (шатуны)	Marin Forged Alloy 1x10, Hollow Spindle, Steel Forged Narrow-Wide 32T Chainring, 76mm BCD, 53mm Chainline\r\nКассета	Sunrace 10-Speed, 11-42T\r\nЦепь	KMC X10\r\nТормоза\r\nТормоза	Shimano BR-M445 Hydraulic Disc, 180mm Rotor\r\nКолеса\r\nДиаметр	27.5+\r\nОбода	Marin Aluminum Double Wall, 40mm Inner, Pinned Joint, Disc Specific, Tubeless Ready\r\nВтулки	Joytech, 110x15mm, 6 Bolt Disc, 32H\r\nПокрышки	Schwalbe Nobby Nic, 27.5x2.9”\r\nСистема рулевого управления\r\nВилка	CrMo, Thru-Axle, Suspension Corrected, Boost 110mm Spacing\r\nРулевая	FSA Orbit, Sealed Cartridge Bearing, 1 1/8\" x 1 1/2”\r\nВынос	Marin 3D Forged Alloy\r\nРуль	Marin Mini-Riser, 6061 Double Butted Aluminum, 15mm rise, 780mm width, 4º up, 9º back\r\nДругое\r\nЦвета	silver\r\nПодседельный штырь	Marin Alloy Light\r\nСедло	Marin MTB\r\nОбщие характеристики\r\nРазмеры	20XL\r\nПол	Мужские\r\nГод	2017', 0, 0, 1),
(69, 'Format 5332 2017', 3, 1029, 34190, 1, 'Format', '', 'Рама+подвеска\r\nРама	700C, City, алюминиевый сплав 6061, полу-интегрированная рулевая колонка, евро каретка\r\nКаретка	Neco B910, картриджная\r\nТрансмиссия\r\nМанетки	Shimano Nexus, SL-8S31\r\nСистема (шатуны)	SR Suntour SCX-S, 170 мм\r\nПедали	Пластиковые City-series\r\nЦепь	KMC Z410\r\nСкорость	8 (1x8)\r\nТормоза\r\nТормоза	V-brake. Tektro C310\r\nКолеса\r\nДиаметр	700C\r\nОбода	Алюминиевые двустеночные\r\nВтулки	Format, 9x100 мм, эксцентрик/задняя Shimano Nexus, SG-C6000-8V, 10x132 мм\r\nПокрышки	Rubena Flash Classic, 700x40C\r\nСистема рулевого управления\r\nВилка	SR Suntour CR-8V 700C, 9x100мм. Регулировка предварительной нагрузки. Пружинно-эластомерная.\r\nРулевая	VP, полу-интегрированная, безрезьбовая, ZS 44/28.6|ZS 44/30.0\r\nРуль	Format City, ширина: 660 мм, подъём: 25 мм, диаметр: 31.8 мм\r\nДругое\r\nПодседельный штырь	Format City, диаметр: 31.6 мм, длина: 350 мм\r\nСедло	Format City\r\nОбщие характеристики\r\nВес	14,9 кг\r\nРазмеры	490, 540мм\r\nДополнительно	крылья\r\nЭлемент каталога	338108\r\nДиаметр колеса	28\"\r\nМатериал рамы	Алюминий\r\nПол	Мужские\r\nГод	2017', 0, 0, 1),
(70, 'BLACK ONE Urban 700 2017', 3, 1030, 11520, 1, 'Black One', '', 'Рама+подвеска\r\nРама	Сталь\r\nТрансмиссия\r\nСистема (шатуны)	HDL-LS104 170 мм\r\nКассета	FW-318CP flip-flop 18t\r\nЦепь	KMC Z410А\r\nСкорость	1\r\nТормоза\r\nТормоза	Ободные клещевые\r\nКолеса\r\nДиаметр	28\"\r\nОбода	Qijian DA-40ALU AERO, двойные\r\nВтулки	Anteng FH/RH-63\r\nПокрышки	H431 700х23с\r\nСистема рулевого управления\r\nВилка	Жесткая стальная\r\nОбщие характеристики\r\nРазмеры	18”/20”\r\nПол	Мужские\r\nГод	2017', 0, 0, 1),
(71, 'Format 5342 700C 2017', 4, 1031, 33890, 1, 'Format', '', 'Рама+подвеска\r\nРама	700C, City, 6061, алюминиевый сплав 6061, полу-интегрированная рулевая колонка, совместимые с багажником дропауты, евро каретка\r\nКаретка	Neco B910, картриджная\r\nТрансмиссия\r\nЗадний переключатель	Shimano Acera, RD-T3000\r\nПередний переключатель	Shimano FD-M310\r\nМанетки	Shimano Acera, SL-M360\r\nСистема (шатуны)	Prowheel Swift-251, 175 мм\r\nКассета	Shimano CS-HG31\r\nПедали	Пластиковые City-series\r\nЦепь	KMC Z72\r\nСкорость	24 (3x8)\r\nТормоза\r\nТормоза	Дисковые механические. Tektro MD-M280, 160/160 мм\r\nКолеса\r\nДиаметр	700C\r\nОбода	Алюминиевые двустеночные\r\nВтулки	Format, 9x100 мм, эксцентрик/ задняя Format, 10x135 мм, эксцентрик\r\nПокрышки	Rubena Flash Classic, 700x40C\r\nСистема рулевого управления\r\nВилка	Алюминиевый сплав 6061. Жёсткая.\r\nРулевая	VP, полу-интегрированная, безрезьбовая, ZS 44/28.6|ZS 44/30.0\r\nРуль	Format City, ширина: 600 мм, диаметр: 31.8 мм\r\nДругое\r\nЦвета	черный матовый\r\nПодседельный штырь	Format City, диаметр: 31.6 мм, длина: 350 мм\r\nСедло	Format City\r\nОбщие характеристики\r\nВес	12,6 кг\r\nРазмеры	580мм\r\nЭлемент каталога	334622\r\nДиаметр колеса	28\"\r\nМатериал рамы	Алюминий\r\nПол	Мужские\r\nГод	2017', 0, 0, 1),
(72, 'MERIDA Speeder 100-Juliet 700C 2018', 4, 1032, 34220, 1, 'Merida', '', 'Рама+подвеска\r\nРама	SPEEDER LITE JULIET\r\nТрансмиссия\r\nЗадний переключатель	Shimano Acera-X\r\nПередний переключатель	Shimano TY710 48\r\nМанетки	Shimano EF505, 24 speed, EZ-fire\r\nСистема (шатуны)	Shimano TY301 48-38-28 with chainguard\r\nКассета	Sunrace CSM668, 8 speed, 11-32 teeth\r\nПедали	VPE-891\r\nЦепь	8 Speed\r\nТормоза\r\nТормоза	Shimano EF505 hydraulic disc brakes with 160mm centerlock rotors\r\nКолеса\r\nДиаметр	28\r\nОбода	MERIDA Comp, 22mm profile\r\nВтулки	Shimano, quick release, centerlock\r\nПокрышки	Maxxis Detonator 32c 60tpi\r\nСистема рулевого управления\r\nВилка	Full carbon tapered fork with disc mounts\r\nРулевая	MERIDA M2341\r\nВынос	MERIDA Expert, 3d forged, 6061 aluminium, Oversize clamp, 6 degree\r\nРуль	MERIDA Expert Oversize clamp 600mm wide Flat\r\nДругое\r\nЦвета	mattGrey/Pink/Purple\r\nПодседельный штырь	MERIDA Road Comp 12mm, 31.6mm offset\r\nСедло	Female specific Juliet Sport\r\nОбщие характеристики\r\nВес	10.24 \r\nРазмеры	52 см\r\nДиаметр колеса	28\"\r\nПол	Мужские\r\nГод	2018', 1, 0, 1),
(73, 'POLYGON STRATTOS S2 700C 2017', 4, 1033, 39310, 1, 'Polygon', '', 'Рама+подвеска\r\nРама	ALX ENDURANCE ROAD, 130MM O.L.D., INTERNAL ROUTE, FENDER READY\r\nТрансмиссия\r\nЗадний переключатель	SHIMANO CLARIS RD-2400-SS\r\nПередний переключатель	SHIMANO CLARIS FD-2400-B\r\nМанетки	SHIMANO CLARIS ST-2400\r\nСистема (шатуны)	2-PIECES-CRANK 50X34T, 170MM(47-50-53), 175MM(56-58)\r\nКассета	SHIMANO CS-HG50, 8-SPEED 12-25T\r\nПедали	ALLOY STANDARD PEDAL\r\nЦепь	KMC Z-7\r\nТормоза\r\nТормоза	ALLOY CALIPER BRAKE\r\nКолеса\r\nДиаметр	28\r\nОбода	ARAYA AR-713\r\nВтулки	ALLOY HUB\r\nПокрышки	KENDA KONTENDER K-196, 700X26C, CLINCHER\r\nСистема рулевого управления\r\nВилка	LIGHT WEIGHT CARBON, ALLOY STANDARD STEERER\r\nРулевая	SEMI CARTRIDGE TOP & CAGED BEARING BOTTOM\r\nВынос	ENTITY SPORT, ALLOY, 90MM(47-50), 100MM(53-56), 110MM(58)\r\nРуль	ENTITY SPORT, ALLOY, 400MM(47-50), 420MM(53-56-58)\r\nДругое\r\nЦвета	white\r\nПодседельный штырь	ENTITY SPORT, ALLOY, 27.2X350MM\r\nСедло	ENTITY, STEEL RAIL\r\nОбщие характеристики\r\nРазмеры	56, 58\r\nДиаметр колеса	28\"\r\nПол	Мужские\r\nГод	2017', 0, 0, 1),
(74, 'MARIN Fairfax SC2 Q 700C 2017', 4, 1034, 40500, 1, 'Marin', '', 'Рама+подвеска\r\nРама	Series 2 6061 Aluminum, 700C Wheels, Internal Cable Routing\r\nТрансмиссия\r\nЗадний переключатель	Shimano Acera Shadow\r\nПередний переключатель	Shimano Altus\r\nМанетки	Shimano EF510 9-Speed\r\nСистема (шатуны)	SR Suntour XCR6, 48/36/26T, Ring Guard\r\nКассета	Sunrace 9-Speed, 11-34T\r\nПедали	Commute Platform\r\nЦепь	KMC X9\r\nТормоза\r\nТормоза	Forged Alloy Linear Pull\r\nКолеса\r\nДиаметр	28\r\nОбода	Marin Aluminum Double Wall, Machined Sidewall\r\nВтулки	Forged Aluminum Alloy, 32H\r\nПокрышки	Schwalbe Road Cruiser, 700Cx32, Kevlar Puncture Protection\r\nСистема рулевого управления\r\nВилка	6061 Aluminum, Straight-Blade\r\nРулевая	FSA No.8B\r\nВынос	Marin 3D Forged Alloy\r\nРуль	Marin Flat Alloy\r\nДругое\r\nЦвета	silver\r\nПодседельный штырь	Marin Alloy\r\nСедло	Marin Fitness Plush\r\nОбщие характеристики\r\nРазмеры	20L\r\nДиаметр колеса	28\"\r\nМатериал рамы	Алюминий\r\nПол	Мужские\r\nГод	2017', 0, 0, 1),
(75, 'Author Aura 44 2017', 4, 1035, 59380, 1, 'Author', '', 'Рама+подвеска\r\nРама	Алюминиевый сплав 6061 с тройным баттингом\r\nКаретка	FSA MegaExo\r\nТрансмиссия\r\nЗадний переключатель	SHIMANO Sora\r\nПередний переключатель	SHIMANO Sora\r\nМанетки	SHIMANO Sora\r\nСистема (шатуны)	FSA Omega Compact Mega Exo 50-34, шатуны 170/172.5/175 mm\r\nКассета	SHIMANO CS-HG-50-9 12-25\r\nЦепь	SHIMANO HG-53\r\nСкорость	18\r\nТормоза\r\nТормоза	TEKTRO R325\r\nКолеса\r\nОбода	JALCO DRX 27 32 holes\r\nВтулки	QUANDO Road\r\nПокрышки	VITTORIA Zaffiro Pro kevlar 700 x 25c\r\nСпицы	black stainless steel 1.8mm\r\nСистема рулевого управления\r\nВилка	AUTHOR C-carbon\r\nРулевая	PRESTINE Integrated 1.5\"\r\nВынос	RITCHEY Comp\r\nРуль	RITCHEY Streem II Comp Road 420 / 440 mm\r\nДругое\r\nЦвета	черный/красный\r\nПодседельный штырь	RITCHEY Road\r\nСедло	AUTHOR Aura CR\r\nОбщие характеристики\r\nВес	9,0 кг\r\nРазмеры	480, 500, 520, 540, 560, 580\r\nМатериал рамы	Алюминий\r\nПол	Мужские\r\nГод	2017', 0, 0, 1),
(76, 'Giant FastRoad SLR 1 2017', 4, 1036, 84600, 1, 'Giant', '', 'Рама+подвеска\r\nРама	ALUXX SLR-Grade Aluminum\r\nКаретка	Shimano BB-RS500\r\nТрансмиссия\r\nЗадний переключатель	Shimano Tiagra\r\nПередний переключатель	Shimano FD4700\r\nМанетки	Shimano Tiagra\r\nКассета	Shimano CS4700 11-34, 10s\r\nПедали	Giant Sport\r\nЦепь	KMC X10 w/ Missing Link\r\nТормоза\r\nТормоза	Shimano M-315. Дисковые / гидравлические\r\nКолеса\r\nДиаметр	700с\r\nОбода	GX28 Disc Wheesetwith 22 mm Rim\r\nВтулки	Giant GX28 Disc Wheelset\r\nПокрышки	Giant S-R3 All-condition tire 700X28\r\nСпицы	Giant GX28 Disc Wheelset\r\nСистема рулевого управления\r\nВилка	Advanced-Grade Composite, Alloy OverDrive Steerer\r\nВынос	Giant Connect, 31.8\r\nРуль	Giant Connect flat\r\nДругое\r\nЦвета	Черный/Красный/Оранжевый\r\nПодседельный штырь	Giant D-Fuse, Composite\r\nСедло	Giant Contact Neutral\r\nОбщие характеристики\r\nРазмеры	XS, S, M, ML, L, XL\r\nДиаметр колеса	28\"\r\nСерия	419810\r\nМатериал рамы	Алюминий\r\nПол	Мужские\r\nГод	2017', 0, 0, 1),
(77, 'Forward Impulse 1.0 2018', 4, 1037, 31650, 1, 'Forward', '', 'Рама+подвеска\r\nРама	Алюминиевый сплав 6061\r\nКаретка	Kenli, картриджная\r\nТрансмиссия\r\nЗадний переключатель	Shimano Tourney RD-A070\r\nПередний переключатель	Shimano Tourney FD-A070\r\nМанетки	Shimano Tourney ST-A070 Вращающаяся ручка\r\nСистема (шатуны)	FWD MPF-423J, 52x42T, алюминиевая\r\nКассета	Shimano Tourney CS-HG200, 12-28T, 7 ск.\r\nЦепь	TAYA TS-30\r\nСкорость	14\r\nТормоза\r\nТормоза	Клещевые Promax RC-481\r\nКолеса\r\nДиаметр	700C\r\nОбода	Алюминиевые двустеночные Weinmann SP17\r\nВтулки	FWD, алюминиевые\r\nПокрышки	Kenda Kriterium, 700x25C (60TPI)\r\nСистема рулевого управления\r\nВилка	Жесткая алюминиевая\r\nРулевая	Kenli, 1 1/8\'\', полуинтегрированная безрезьбовая\r\nВынос	FWD, безрезьбовой алюминиевый\r\nРуль	FWD, aлюминиевый, 25.4х400 мм\r\nДругое\r\nПодседельный штырь	FWD, алюминиевый, 31.6x300 мм\r\nСедло	FWD Road\r\nДиаметр колеса	28\"\r\nМатериал рамы	Алюминий\r\nПол	Мужские\r\nГод	2018', 1, 1, 1),
(78, 'KELLYS ARC 10 2017', 4, 1038, 38393, 1, 'Kellys', '', 'Рама+подвеска\r\nРама	Aluminium, 3ple Butted, Tapered\r\nКаретка	BB UN26 LL110\r\nЗадний амортизатор	-\r\nТрансмиссия\r\nЗадний переключатель	Claris RD-2400\r\nПередний переключатель	Claris FD-2400\r\nМанетки	Claris ST-2400\r\nСистема (шатуны)	Claris FC-RS200 50x34\r\nКассета	CS-HG50-8 11-32\r\nЦепь	KMC Z-7\r\nСкорость	16\r\nТормоза\r\nТормоза	Tektro R312\r\nКолеса\r\nДиаметр	20\"\r\nОбода	451 мм лёгкие Алюминий Двойн. стенки с ЧПУ\r\nВтулки	Claris HB-2400/задняя Claris FH-2400\r\nПокрышки	Schwalbe Lugano 700x25C silica, Puncture Protection\r\nСпицы	Remerx stainless\r\nСистема рулевого управления\r\nВилка	Лёгкая, быстро реагирующая, Dalloy, объединённая с короной\r\nРулевая	FSA Anodized Black\r\nВынос	Кованый, сплав Radius выдвижной с технологией сплавления\r\nРуль	KLS Expert\r\nДругое\r\nПодседельный штырь	KLS Expert 31.6\r\nСедло	KLS Slipstream\r\nОбщие характеристики\r\nДополнительно	Buchel LED Champs Elysees\r\nЭлемент каталога	410856\r\nМатериал рамы	Алюминий\r\nПол	Мужские\r\nГод	2017', 0, 0, 1),
(79, 'Scott Speedster 20 2017', 4, 1039, 77935, 1, 'Scott', '', 'Рама+подвеска\r\nРама	Speedster Aero / алюминий 6061 (двойной баттинг) геом. для шоссе / интегр. рул. труба\r\nКаретка	Shimano BB-RS500\r\nТрансмиссия\r\nЗадний переключатель	Shimano Tiagra RD-4700-GS 20 скоростей\r\nПередний переключатель	Shimano Tiagra FD-4700\r\nМанетки	Shimano Tiagra ST-4700 Dual control 2x10\r\nСистема (шатуны)	Shimano Tiagra Compact FC-4700 Hyperdrive 50x34 T\r\nКассета	Shimano CS-HG500 10-скор. 11-32 T\r\nЦепь	KMC X10\r\nСкорость	20\r\nТормоза\r\nТормоза	Tektro SCBR-525 (картридж. колодки). Ободные (клещевые)\r\nКолеса\r\nДиаметр	28\" (700С)\r\nОбода	Syncros Race 22 24 (пер.) / 28 (зад.)\r\nВтулки	Formula Team 24 H/Formula Team 28 H\r\nПокрышки	Kenda Kontender 700x25C\r\nСпицы	HTI - стальные, черн. 2mm\r\nСистема рулевого управления\r\nВилка	Speedster Карбон 1-1/8\" карб. рул. труба\r\nРулевая	Интегрированная, стальные чашки\r\nВынос	JD ST92A алюм. 1 1/8\" / 4-болта 31.8mm\r\nРуль	Syncros RR2.0 эргономичный 31.8mm\r\nДругое\r\nПодседельный штырь	Syncros RR2.5 31.6/300мм\r\nСедло	Syncros FL2.5\r\nДиаметр колеса	28\"\r\nМатериал рамы	Алюминий\r\nПол	Мужские\r\nГод	2017', 0, 0, 1),
(80, 'Welt R100 2018', 4, 1040, 110000, 1, 'Welt', '', 'Рама+подвеска\r\nРама	Alloy 6061 road performance\r\nТрансмиссия\r\nЗадний переключатель	Shimano Sora\r\nПередний переключатель	Shimano Sora\r\nМанетки	Shimano Sora 2x9\r\nСистема (шатуны)	Prowheel Ounce-512C 50/34T\r\nКассета	Shimano HG 50-9 11-25T\r\nСкорость	18\r\nТормоза\r\nТормоза	AS 2.2D 39-49mm клещевые\r\nКолеса\r\nДиаметр	700C\r\nПокрышки	CST C1046 700x25C\r\nСистема рулевого управления\r\nВилка	rigid XLX alloy 700C жесткая\r\nРулевая	semi-integrated 1-1/8*44\r\nОбщие характеристики\r\nРазмеры	510, 540, 570\r\nДиаметр колеса	28\"\r\nМатериал рамы	Алюминий\r\nПол	Мужские\r\nГод	2018', 1, 0, 1),
(81, 'STELS ДЕСНА 2200 2017', 5, 1041, 5520, 1, 'Stels', '', 'Рама+подвеска\r\nРама	Сталь. Складная\r\nТрансмиссия\r\nСистема (шатуны)	Wheeltop, сталь, 40T\r\nКассета	18T\r\nПедали	пластик\r\nСкорость	1\r\nТормоза\r\nТормоза	Ножные педальные\r\nКолеса\r\nДиаметр	20\"\r\nОбода	Алюминий, одинарный\r\nВтулки	передняя ZQ, сталь/задняя Superwin, сталь\r\nПокрышки	Wanda 20*2.0\r\nСистема рулевого управления\r\nВилка	Жесткая, стальная\r\nРулевая	Сталь\r\nДругое\r\nЦвета	белый, пурпурный\r\nСедло	JHT\r\nОбщие характеристики\r\nРазмеры	15″\r\nДополнительно	крылья, подножка, багажник\r\nДиаметр колеса	20\"\r\nПол	Для мальчиков, Для девочек\r\nГод	2017', 0, 0, 1),
(82, 'Forward Arsenal 1.0 2018', 5, 1042, 6340, 1, 'Forward', '', 'Рама+подвеска\r\nРама	Сталь Hi-Ten\r\nКаретка	Kenli, стальная\r\nТрансмиссия\r\nСистема (шатуны)	FWD GS-S112, 40T, стальная\r\nКассета	16T\r\nЦепь	TEC CD410\r\nСкорость	1\r\nТормоза\r\nТормоза	Ножной тормоз\r\nКолеса\r\nДиаметр	20\"\r\nОбода	Алюминиевые двустеночные FWD Double Wall\r\nВтулки	FWD, стальные\r\nПокрышки	Forward, 20x1.95\" (30TPI)\r\nСистема рулевого управления\r\nВилка	Жесткая стальная\r\nРулевая	Neco, 1\'\', резьбовая\r\nВынос	FWD, резьбовой стальной\r\nРуль	FWD, cтальной, 25.4x600 мм\r\nДругое\r\nПодседельный штырь	FWD, стальной, 28.6x400 мм\r\nСедло	FWD Comfort\r\nОбщие характеристики\r\nВес	13,9 кг\r\nРазмеры	14″\r\nДополнительно	олноразмерные стальные крылья, звонок, подножка\r\nДополнительное оборудование\r\nБагажник	стальной с зажимом\r\nЭлемент каталога	324538\r\nКолеса	20\'\'\r\nДиаметр колеса	20\"\r\nСерия	419766\r\nМатериал рамы	Сталь\r\nПол	Мужские, Женские\r\nГод	2018', 1, 0, 1),
(83, 'ALTAIR City 24 2018', 5, 1043, 6690, 1, 'Altair', '', 'Рама+подвеска\r\nРама	Сталь Hi-Ten Складная\r\nКаретка	KENLI KL-B32 стальная\r\nТрансмиссия\r\nСистема (шатуны)	Golden Swallow GS-S112A, стальная\r\nЦепь	KMC CD410\r\nСкорость	1\r\nТормоза\r\nТормоза	Ножной тормоз\r\nКолеса\r\nДиаметр	24\"\r\nОбода	Forward SW, алюминиевые одностеночные\r\nПокрышки	Wanda P1023, 24x1,95 (22tpi)\r\nСистема рулевого управления\r\nВилка	Жесткая стальная\r\nРулевая	Neco, резьбовая\r\nВынос	Резьбовой стальной\r\nРуль	Стальной, комфорт\r\nДругое\r\nСедло	Comfort\r\nОбщие характеристики\r\nДополнительно	звонок, крылья\r\nДополнительное оборудование\r\nБагажник	есть\r\nЭлемент каталога	324580\r\nДиаметр колеса	24\"\r\nПол	Мужские, Женские\r\nГод	2018\r\nВтулка передняя	Shunfeng, стальные хромированные\r\nВтулка задняя	Power', 1, 0, 1),
(84, 'STARK Cobra 26.2 V 2017', 5, 1044, 17990, 1, 'Stark', '', 'Рама+подвеска\r\nРама	AL 6061 MTB folding\r\nКаретка	Neco B-910, картридж\r\nТрансмиссия\r\nЗадний переключатель	Shimano Tourney RD TX35\r\nПередний переключатель	Shimano Tourney FD-TX50\r\nМанетки	Shimano Altus ST-EF41, конструкция манеток Триггер\r\nСистема (шатуны)	JBJ-HDL3 324, количество звезд системы 3\r\nКассета	Shimano MF-TZ21\r\nПедали	Пластик, VP\r\nЦепь	KMC C50\r\nСкорость	21\r\nТормоза\r\nТормоза	Power VBR-218A, V-brake\r\nКолеса\r\nДиаметр	26\'\'\r\nОбода	двойные Yanshun YS-S182\r\nВтулки	Joy Tech, конусные\r\nПокрышки	Kenda K-1153 26*1,95\r\nСистема рулевого управления\r\nВилка	сталь, ZOOM 386 MLO пружинно-эластомерная. Ход вилки 80 мм\r\nРулевая	полуинтегрированная\r\nВынос	Zoom, A-Head, алюминий, 90 мм, 31.8 мм\r\nРуль	Zoom, алюминий, 600мм, 31.8 мм\r\nДругое\r\nЦвета	коричневый/жёлтый\r\nПодседельный штырь	31,6 мм\r\nОбщие характеристики\r\nРазмеры	17.5\" 19.5\"\r\nДиаметр колеса	26\"\r\nМатериал рамы	Алюминий\r\nПол	Мужские, Женские\r\nГод	2017', 0, 0, 1),
(85, 'LANGTU KW 017 2017', 5, 1045, 23200, 1, 'Langtu', '', 'Рама+подвеска\r\nРама	Alum 16\"/запатентованная,складная\r\nТрансмиссия\r\nЗадний переключатель	Shimano Tourney FT30 7s\r\nМанетки	Shimano Tourney TX30\r\nСистема (шатуны)	48т двойная защита цепи алюм\r\nПедали	складные\r\nЦепь	KMC\r\nСкорость	7\r\nТормоза\r\nТормоза	Disc- brake\r\nКолеса\r\nДиаметр	16\"\r\nОбода	Alum/двойные 16\"\r\nПокрышки	Kenda 16”x1.5\r\nСистема рулевого управления\r\nВилка	Alum Langtu hi-ten 16\"\r\nВынос	Alum 16\"\r\nРуль	Alum /складной/регулируемый\r\nДругое\r\nПодседельный штырь	Alloy, 33.9mm\r\nСедло	Langtu Comfort\r\nОбщие характеристики\r\nВес	10,5 кг\r\nРазмеры	в сложенном виде 72 х 35 х 64\r\nМатериал рамы	Алюминий\r\nПол	Мужские, Женские\r\nГод	2017', 0, 0, 1),
(86, 'Shulz Krabi Coaster 2017', 5, 1046, 25100, 1, 'Shulz', '', 'Рама+подвеска\r\nРама	алюминиевый сплав 6061, складная\r\nКаретка	NECO B910 картридж, закрытые промышленные подшипники, размер 68/118 мм\r\nТрансмиссия\r\nСистема (шатуны)	звезда 40 зубьев, шатуны 170 мм\r\nПедали	складные, ударопрочный пластик\r\nСкорость	3\r\nТормоза\r\nТормоза	передний ободной, задний ножной\r\nКолеса\r\nДиаметр	24\"\r\nОбода	двойные фрезерованные алюминиевые, 28/36 спиц\r\nВтулки	передняя алюминиевая, 74 мм, закрытые промышленные подшипники/задняя SHIMANO NEXUS SG-3C41, планетарная, 3 скорости, 120 мм, звезда 16 зубьев\r\nПокрышки	KENDA K1045 24×1,95″, камера с автониппелем\r\nСистема рулевого управления\r\nВилка	сталь Hi-Ten, без амортизатора\r\nРулевая	NECO H125 алюминиевая полуинтегрированная безрезьбовая\r\nВынос	складной, алюминиевый, регулируемый, 295 мм\r\nДругое\r\nЦвета	brown/коричневый, dark blue/синий, mint/мятный, sky blue/голубой, white/белый\r\nПодседельный штырь	алюминиевый, длина 420 мм, диаметр 33,9 мм\r\nСедло	260×240 мм, кожезаменитель, широкое, подпружиненое\r\nОбщие характеристики\r\nПримечание	Грипсы анатомические с фиксатором\r\nВес	13,7 кг\r\nРазмеры	один размер на рост 150–200 см. Размер в сложенном виде 89×36×74 см\r\nДополнительно	чехол, подножка, багажник, крылья, звонок, катафоты, крепеж для держателя велобутылки, светоотражатели\r\nЭлемент каталога	321302\r\nДиаметр колеса	24\"\r\nМатериал рамы	Алюминий\r\nПол	Мужские, Женские\r\nГод	2017', 0, 1, 1),
(87, 'STARK Reef 2016', 6, 1047, 10190, 1, 'Stark', '', 'Рама+подвеска\r\nРама	AL 6061\r\nТрансмиссия\r\nКассета	18Т\r\nЦепь	KMC Z410А\r\nСкорость	1\r\nТормоза\r\nТормоза	задний COASTER\r\nКолеса\r\nДиаметр	26\r\nОбода	QIJIAN MX-25ALU усиленный\r\nВтулки	KT-122/305 COASTER 32H\r\nПокрышки	H-584 26\"\r\nСистема рулевого управления\r\nВилка	STARK жесткая\r\nДругое\r\nЦвета	серый/зелены\r\nОбщие характеристики\r\nРазмеры	18\"20\"\r\nМатериал рамы	Алюминий\r\nПол	Мужские\r\nГод	2016', 0, 0, 1),
(88, 'BLACK ONE Mirage 2016', 6, 1048, 10560, 1, 'Black One', '', 'Рама+подвеска\r\nРама	Легированная сталь, cruiser . Сталь (Hi-Ten)\r\nТрансмиссия\r\nЗадний переключатель	KMC Z410А\r\nМанетки	KT-122/305 coaster 32H\r\nСистема (шатуны)	Prowheel A-102 170 мм\r\nКассета	18T\r\nЦепь	KMC Z410А\r\nТормоза\r\nТормоза	Ножной ( Coaster brake) Задний ножной\r\nКолеса\r\nДиаметр	26\'\'\r\nОбода	Qijian MX-25ALU усиленный\r\nСистема рулевого управления\r\nВилка	Жесткая стальная\r\nМатериал рамы	Сталь\r\nПол	Мужские, Женские\r\nГод	2016\r\nВтулка передняя	KT-122/305 coaster 32H\r\nВтулка задняя	KT-122/305 coaster 32H', 0, 0, 1),
(89, 'SMART CRUISE 300 2016', 6, 1049, 14990, 1, 'Smart', '', 'Рама+подвеска\r\nРама	алюминий 6061\r\nКаретка	GS-909\r\nЗадний амортизатор	отсутствует\r\nТрансмиссия\r\nЗадний переключатель	отсутствует\r\nПередний переключатель	отсутствует\r\nМанетки	отсутствует\r\nСистема (шатуны)	алюминий CRANK\r\nКассета	18T, W/HUB\r\nПедали	VP-306, алюминий+резина\r\nЦепь	KMC Z410\r\nСкорость	1 скорость\r\nТормоза\r\nТормоза	COASTER BRAKE, ATTACH TO задний HUB\r\nКолеса\r\nДиаметр	26\'\'\r\nОбода	DH-18 for v-brake\r\nВтулки	алюминий / KT-305RA сталь, WITH COASTER BRAKE\r\nПокрышки	KENDA K912,26\"X2.25\r\nСистема рулевого управления\r\nВилка	сталь RIGID\r\nРулевая	VP-H732\r\nВынос	HS-C80-2, ALLOY\r\nРуль	ZOOM BH-21S, ALLOY, W:700\r\nДругое\r\nЦвета	черный/белый\r\nПодседельный штырь	SMART, сталь\r\nСедло	SMART SUPER COMFORT\r\nЭлемент каталога	325526\r\nДиаметр колеса	26\"\r\nМатериал рамы	Алюминий\r\nПол	Мужские\r\nГод	2016', 0, 0, 1),
(90, 'Electra Cruiser 1 Men\'s 24', 6, 1050, 19000, 1, 'Electra', '', 'Рама+подвеска\r\nРама	Classic Steelw/Patented Flat Foot Technology\r\nТрансмиссия\r\nЗадний переключатель	отсутствует\r\nМанетки	отсутствуют\r\nСистема (шатуны)	Classic Steel One Piece\r\nКассета	22T\r\nПедали	Deluxe Block\r\nЦепь	KMC 410\r\nТормоза\r\nТормоза	задний ножной тормоз, передний ободной тормоз\r\nКолеса\r\nДиаметр	24\"\r\nОбода	Alloy\r\nВтулки	Steel 36h - передняя, Coaster 36h - задняя\r\nПокрышки	Classic Knobby 24”x 2.125”\r\nСпицы	14G, нержавеющая сталь, латунный ниппель\r\nСистема рулевого управления\r\nВилка	Steel Unicrown\r\nРулевая	1” Steel Threaded\r\nВынос	Alloy Classic\r\nРуль	Electra Bullhorn\r\nДругое\r\nЦвета	черный\r\nПодседельный штырь	Classic Steel Pillar\r\nСедло	Electra Comfort w/Elastomer Springs\r\nОбщие характеристики\r\nДополнительно	подножка\r\nЭлемент каталога	324788\r\nКолеса	24\'\'\r\nМатериал рамы	Сталь\r\nПол	Мужские', 0, 1, 1),
(91, 'Giant Simple Seven (2015)', 6, 1051, 22000, 1, 'Giant', '', 'Рама+подвеска\r\nРама	Aluxx-Grade Aluminum\r\nКаретка	Sealed Cartridge\r\nТрансмиссия\r\nЗадний переключатель	Shimano Tourney, 7-speed\r\nМанетки	Shimano Revo, Twist, 7-speed\r\nСистема (шатуны)	Giant Alloy 3-Piece, 46T\r\nКассета	Shimano HG-40 14-34, 7s\r\nПедали	Platform\r\nЦепь	KMC Z51, Rustproof\r\nТормоза\r\nТормоза	Alloy, Direct Pull\r\nКолеса\r\nОбода	Giant Alloy\r\nВтулки	Alloy, 36H\r\nПокрышки	CST Cruiser, 26x2.125\"\r\nСпицы	Stainless Steel\r\nСистема рулевого управления\r\nВилка	High Tensile Chromoly Steel\r\nВынос	Alloy Quill\r\nРуль	Steel Cruiser\r\nДругое\r\nПодседельный штырь	Alloy Micro-Adjust, 27.2\r\nСедло	Nylon w/ Anti-Slip Platform\r\nОбщие характеристики\r\nДополнительно	Подножка\r\nЭлемент каталога	324348\r\nКолеса	26\"\r\nСпицы	Stainless Steel\r\nМатериал рамы	Алюминий\r\nПол	Мужские\r\nГод	2015', 0, 0, 1),
(92, 'POLYGON ZENITH TOWN 3 26 2017', 6, 1052, 30780, 1, 'Polygon', '', 'Рама+подвеска\r\nРама	AL6 COMMUTER NEXUS\r\nТрансмиссия\r\nМанетки	SHIMANO NEXUS SL-3S41E\r\nСистема (шатуны)	ALLOY CRANK 44T, 170MM\r\nКассета	SHIMANO NEXUS 18T\r\nПедали	VP COMPONENT, VP-191, ALLOY\r\nЦепь	KMC Z-610RB\r\nТормоза\r\nТормоза	CALIPER BRAKE- SHIMANO ROLLER BRAKE BR-IM31R\r\nКолеса\r\nДиаметр	26\r\nОбода	ARAYA TX-633\r\nВтулки	SHIMANO NEXUS-3 HUB\r\nПокрышки	SCHWALBE FAT FRANK, 26”X2.35”\r\nСистема рулевого управления\r\nВилка	HI-TEN STEEL RIGID FORK\r\nРулевая	INTERNAL THREAD ID:44MM\r\nВынос	ALLOY, 80MM\r\nРуль	ALLOY, 695MM\r\nДругое\r\nЦвета	black\r\nПодседельный штырь	ALLOY, 27.2X300MM\r\nСедло	SELLE ROYAL ONDINA, STEEL RAIL\r\nОбщие характеристики\r\nРазмеры	16\r\nПол	Мужские\r\nГод	2017', 0, 0, 1),
(93, 'Stels Navigator-480 MD 24\" 2018', 7, 1053, 21470, 1, 'Stels', '', 'Рама+подвеска\r\nРама	Алюминий\r\nКаретка	Картридж\r\nТрансмиссия\r\nЗадний переключатель	Shimano Acera RD-M360\r\nПередний переключатель	Shimano Alivio FD-М410\r\nМанетки	Shimano Tourney SL-RS36 Рычажного типа\r\nСистема (шатуны)	Алюминий, 22/32, 152мм\r\nКассета	Shimano MF-TZ21\r\nПедали	Пластик/сталь\r\nСкорость	14\r\nТормоза\r\nТормоза	Дисковый механический, ротор 160мм\r\nКолеса\r\nДиаметр	24\"\r\nОбода	Алюминий, одинарный\r\nВтулки	Сталь, под гайку\r\nПокрышки	24x4,0\r\nСистема рулевого управления\r\nВилка	Жесткая, стальная\r\nРулевая	Безрезьбовая полуинтегрированная\r\nДругое\r\nЦвета	Черный\r\nОбщие характеристики\r\nВес	15,6\r\nРазмеры	13,5\"\r\nЭлемент каталога	324590\r\nДиаметр колеса	24\"\r\nПол	Мужские\r\nГод	2018', 1, 1, 1),
(94, 'Welt FAT Freedom 24 2018', 7, 1054, 22090, 1, 'Welt', '', 'Рама+подвеска\r\nРама	Alloy 6061\r\nТрансмиссия\r\nЗадний переключатель	Shimano TY-300\r\nМанетки	Shimano Altus R 7 spd\r\nСистема (шатуны)	Prowheel\r\nКассета	Shimano TZ21 14-28T\r\nСкорость	7\r\nТормоза\r\nТормоза	IQ P1816 дисковые механические\r\nКолеса\r\nДиаметр	24\r\nПокрышки	Chaoyanng 24 x 3.0\r\nСистема рулевого управления\r\nВилка	Rigid steel ES-14K жесткая\r\nРулевая	semi-integrated 1-1/8*44\r\nОбщие характеристики\r\nРазмеры	one size\r\nДиаметр колеса	24\"\r\nМатериал рамы	Алюминий\r\nПол	Мужские\r\nГод	2018', 1, 0, 1);
INSERT INTO `products` (`id_product`, `name`, `id_category`, `code`, `price`, `is_available`, `brand`, `image`, `description`, `is_new`, `is_recommended`, `status`) VALUES
(95, 'STARK Fat 26.2 D 2017', 7, 1055, 25960, 1, 'Stark', '', 'Рама+подвеска\r\nРама	AL-6061 FAT BIKE\r\nТрансмиссия\r\nЗадний переключатель	SHIMANO RD-TY300D\r\nПередний переключатель	SHIMANO RD-TY300D\r\nМанетки	SHIMANO ST-EF500\r\nСистема (шатуны)	PROWHEEL SUOLO-901 40/30/22\r\nКассета	SHIMANO CS-HG200-7 14-28T.\r\nЦепь	KMC Z50\r\nСкорость	21\r\nТормоза\r\nТормоза	ZOOM DB-220 160/160 МЕХАНИКА\r\nКолеса\r\nДиаметр	26\"\r\nОбода	ALLOY DOUBLE WALL 26*80 DRILL\r\nВтулки	QUANDO KT-SL4\r\nПокрышки	CHAOYANG 26*4\"\r\nСистема рулевого управления\r\nВилка	LIGHT ALLOY STARK RIGID FORK\r\nДругое\r\nЦвета	зеленый/синий\r\nОбщие характеристики\r\nРазмеры	18\"20\"\r\nДиаметр колеса	26\"\r\nМатериал рамы	Алюминий\r\nПол	Мужские\r\nГод	2017', 0, 0, 1),
(96, 'Author SU-MO 2016', 7, 1056, 59270, 1, 'Author', '', 'Рама+подвеска\r\nРама	двойное баттирование, высокопрочная сталь 26\"\r\nКаретка	SAMOX 100мм\r\nТрансмиссия\r\nЗадний переключатель	SHIMANO Deore\r\nПередний переключатель	SHIMANO Deore (direct mount)\r\nМанетки	SHIMANO Deore 20 скоростей\r\nСистема (шатуны)	SAMOX, 36-22 зуба, 170 / 175 мм шатуны\r\nКассета	SHIMANO HG50-10, 11-36 зубьев, 10 скоростей\r\nПедали	HT-PA01\r\nЦепь	KMC X10 EPT antirust\r\nСкорость	20 скоростей\r\nТормоза\r\nТормоза	TEKTRO Aries, дисковая механика (роторы 7\")\r\nКолеса\r\nДиаметр	26\'\'\r\nОбода	JALCO Snoy, 32 отверстия\r\nВтулки	Quando Disc, 32 отверстия\r\nПокрышки	MAXXIS Mammoth 26\" x 4.00\"\r\nСпицы	нержавеющая сталь, цвет - черный, 1.8 мм\r\nСистема рулевого управления\r\nВилка	высокопрочная сталь 26\"\r\nРулевая	PRESTINE интегрированная 1-1/8\"\r\nВынос	AG Lab алюминий\r\nРуль	AG Lab алюминий, подъем 25 мм, длина 740 мм\r\nДругое\r\nПодседельный штырь	AG Lab алюминий, диаметр 31.6\r\nСедло	AUTHOR Patriot\r\nОбщие характеристики\r\nВес	заявленный вес 16.4 кг / 19\"\r\nРазмеры	17\", 19\", 21\"\r\nЭлемент каталога	325273\r\nДиаметр колеса	26\"\r\nМатериал рамы	Сталь\r\nПол	Мужские\r\nГод	2016', 0, 0, 1),
(97, 'SILVERBACK SCOOP FATTY 2017', 7, 1057, 84600, 1, 'Silverback', '', 'Рама+подвеска\r\nРама	26” Butted 6061 Aluminium, Tapered 1-1/8” – 1.5” headtube, 197mm x 12mm Thru Axle Dropouts, 100mm BB width\r\nКаретка	RaceFace, BSA\r\nТрансмиссия\r\nЗадний переключатель	Shimano XT Shadow Tech Plus RD-M786, Long Cage\r\nПередний переключатель	Shimano Deore FD-M618-D, Direct Mount, Black\r\nМанетки	Shimano Deore SL-M610, 2×10 Trigger, Black\r\nКассета	Shimano CS-HG50, 10 Speed, 11-36T, Silver\r\nТормоза\r\nТормоза	Shimano BL/BR-M424 Open Hydraulic System, Rotors Front: 180mm; Rear: 160mm, 6-Bolt, Black\r\nКолеса\r\nДиаметр	26\"\r\nОбода	SunRinglé Mulefut 80 SL, 32H, STR Tubeless Ready , Black\r\nВтулки	Rear: 6-Bolt Disc Mount, Sealed cartridge bearings, Cassette, 197mm x 12mm Thru Axle Black Front: 6-Bolt Disc Mount, Sealed cartridge bearings, 150mm x 15mm Thru Axle, Black\r\nПокрышки	Vee tire Bulldozer 26” x 4.7, Foldable 120TPI,Tubeless Ready, Black\r\nСистема рулевого управления\r\nВилка	Rigid Fork 26”, Aluminium, Suspension Adjusted length, Tapered steerer, Post mounts For Disc brake, 9mm QR\r\nВынос	Sector Box, S/M/L: 60mm; XL: 75mm, 6° x Dia 31.8mm, Black\r\nРуль	Sector Plane, W: 720mm; Back Sweep: 10° x Dia 31.8mm; 6061 Butted Oversized\r\nДругое\r\nПодседельный штырь	Sector Level, Alloy, Dia 30,9mm, S: 350mm; M/L/XL: 400mm, Black\r\nСедло	Sector, Cromo Rails\r\nДиаметр колеса	26\"\r\nМатериал рамы	Алюминий\r\nПол	Мужские\r\nГод	2017', 0, 0, 1),
(98, 'Eltreco Good LITIUM 250W', 8, 1058, 37500, 1, 'Eltreco', '', 'Рама+подвеска\r\nРама	складная\r\nТормоза\r\nТормоза	V-brake\r\nКолеса\r\nДиаметр	20\"\r\nДругое\r\nЦвета	Черный\r\nОбщие характеристики\r\nПримечание	Мощность двигателя: 250W. Тип передачи: цепная\r\nВес	21,5 кг\r\nЭлектрооборудование\r\nАккумулятор	Li-on 36V 7Ah\r\nЭлектропривод	задний\r\nМаксимальная скорость	25 км/ч\r\nДиаметр колеса	20\"\r\nПол	Мужские, Женские\r\nГод	2018', 1, 0, 1),
(99, 'VOLTECO SHRINKER II', 8, 1059, 39900, 1, 'Volteco', '', 'Тормоза\r\nТормоза	дисковые\r\nКолеса\r\nДиаметр	12\"\r\nДругое\r\nЦвета	зел\\черн\\сер\\красный\r\nОбщие характеристики\r\nВес	18 кг\r\nДополнительно	Грузоподъемность: до 100 кг Пробег (на ровной дороге): до 35км Мощность: 350 Вт Максимальная скорость: до 30 км/ч Аккумулятор литиевыйЭнергоемкость 324ВАч (36В 9А ч)\r\nПол	Мужские, Женские\r\nГод	2018', 1, 1, 1),
(100, 'SHULZ E-GOA 2017', 8, 1060, 45300, 1, 'Shulz', '', 'Рама+подвеска\r\nРама	алюминиевый сплав 6061. Складной. один размер на рост 150–200 см\r\nКаретка	NECO B910 картридж, закрытые промышленные подшипники, размер 68/118 мм\r\nТрансмиссия\r\nСистема (шатуны)	звезда 40 зубьев, шатуны 170 мм\r\nПедали	складные, ударопрочный пластик\r\nСкорость	3. Максимальная скорость	42,5 км/ч\r\nТормоза\r\nТормоза	ободной\r\nКолеса\r\nДиаметр	20\"\r\nОбода	двойные фрезерованные алюминиевые, 28 спиц\r\nВтулки	мотор BAFANG FM.G35.220.D, 36H/13G,250W，36 V\r\nПокрышки	KENDA K1045 20×2,00″, камера с автониппелем\r\nСистема рулевого управления\r\nВилка	сталь Hi-Ten, без амортизатора, 100 мм\r\nРулевая	NECO H125 алюминиевая полуинтегрированная безрезьбовая\r\nРуль	складной, алюминиевый, регулируемый, 380 мм\r\nДругое\r\nЦвета	белый\r\nПодседельный штырь	алюминиевый, длина 580 мм, диаметр 33,9 мм\r\nСедло	270×160 мм, кожезаменитель, мягкий упругий наполнитель\r\nОбщие характеристики\r\nВес	17,5 кг\r\nРазмеры	Размер в сложенном виде	82×68×35 см\r\nДополнительно	чехол, подножка, багажник, крылья, звонок, катафоты, светоотражатели\r\nМатериал рамы	Алюминий\r\nПол	Мужские, Женские\r\nГод	2017', 0, 0, 1),
(101, 'SoloDrive', 8, 1061, 63000, 1, 'Solodrive', '', 'Рама+подвеска\r\nРама	Стальная Порошковая окраска. Лак горячей просушки. Запас хода 35-40 км.\r\nТормоза\r\nТормоза	передний велосипедный, задний дисковый\r\nКолеса\r\nПокрышки	12,5”х2,25” (317,5х57,15 мм). Максимальный уклон 12º\r\nМатериал рамы	Сталь\r\nПол	Мужские, Женские', 0, 0, 1),
(102, 'Author Elan 2018', 8, 1062, 71460, 1, 'Author', '', 'Рама+подвеска\r\nРама	Алюминиевый сплав 6061\r\nКаретка	BAFANG\r\nТрансмиссия\r\nЗадний переключатель	SHIMANO TX800\r\nМанетки	SHIMANO Revoshift (8)\r\nСистема (шатуны)	PROWHEEL 38 teeth 170 mm cranks\r\nКассета	SHIMANO HG-31 11-34 (8)\r\nПедали	AUTHOR Non Slip alloy\r\nЦепь	KMC Z72\r\nСкорость	8\r\nТормоза\r\nТормоза	TEKTRO V, ободные\r\nКолеса\r\nОбода	AUTHOR Argon 36 holes\r\nВтулки	QUANDO 36 holes BAFANG 36 holes\r\nПокрышки	CST Classic Venice 26\" x 2.00\"\r\nСпицы	сталь 2 мм.\r\nСистема рулевого управления\r\nВилка	RST Gila 26 T (80 mm)\r\nРулевая	PRESTINE Integrated 1-1/8\"\r\nВынос	UNO adjustable, регулируемый\r\nРуль	KALLOY 45 mm 620 mm\r\nДругое\r\nПодседельный штырь	UNO амортизируемый\r\nСедло	AUTHOR Queen Sofa\r\nОбщие характеристики\r\nВес	23,5\r\nРазмеры	16\", 18\", 20\"\r\nЭлектрооборудование\r\nАккумулятор	MOTOR BAFANG 250W, батарея BAFANG Li-lon, 36V, 10,4 Ah, 375 Wh\r\nМатериал рамы	Алюминий\r\nПол	Мужские, Женские\r\nГод	2018', 1, 0, 1);

-- --------------------------------------------------------

--
-- Структура таблицы `products_order`
--

CREATE TABLE `products_order` (
  `id_order` int(11) NOT NULL,
  `user_name` varchar(255) NOT NULL,
  `user_phone` varchar(255) NOT NULL,
  `user_comment` text NOT NULL,
  `id_user` int(11) DEFAULT NULL,
  `date` timestamp NOT NULL DEFAULT CURRENT_TIMESTAMP,
  `products` text NOT NULL,
  `status` int(11) NOT NULL DEFAULT '1'
) ENGINE=InnoDB DEFAULT CHARSET=utf8;

--
-- Дамп данных таблицы `products_order`
--

INSERT INTO `products_order` (`id_order`, `user_name`, `user_phone`, `user_comment`, `id_user`, `date`, `products`, `status`) VALUES
(2, 'admin', '9218458095', 'i wanna get it', 1, '2018-03-19 12:06:54', '{\"93\":2,\"94\":1}', 4),
(3, 'admin', '89218458095', '22commewnt', 1, '2018-03-19 12:42:19', '{\"71\":1,\"72\":1}', 3),
(4, 'admin', '1234567899', 'rr', 1, '2018-03-20 08:31:58', '{\"102\":4}', 3),
(5, 'admin', '7123456789', 'Comment comment comment.', 1, '2018-03-24 11:16:44', '{\"38\":1,\"37\":1,\"86\":1}', 2),
(7, 'admin', '7987654321', 'Comment \r\ncomment \r\ncomment \r\ncomment.', 1, '2018-03-24 11:22:19', '{\"102\":1}', 1);

-- --------------------------------------------------------

--
-- Структура таблицы `users`
--

CREATE TABLE `users` (
  `id_user` int(11) NOT NULL,
  `name` varchar(255) NOT NULL,
  `email` varchar(255) NOT NULL,
  `password` varchar(255) NOT NULL,
  `role` varchar(255) NOT NULL
) ENGINE=InnoDB DEFAULT CHARSET=utf8;

--
-- Дамп данных таблицы `users`
--

INSERT INTO `users` (`id_user`, `name`, `email`, `password`, `role`) VALUES
(1, 'admin', 'a@a.a', '0b4e7a0e5fe84ad35fb5f95b9ceeac79', 'admin'),
(2, 'test', 't@t.t', 'bcc720f2981d1a68dbd66ffd67560c37', '');

--
-- Индексы сохранённых таблиц
--

--
-- Индексы таблицы `categories`
--
ALTER TABLE `categories`
  ADD PRIMARY KEY (`id_category`);

--
-- Индексы таблицы `products`
--
ALTER TABLE `products`
  ADD PRIMARY KEY (`id_product`),
  ADD KEY `id_category_idx` (`id_category`);

--
-- Индексы таблицы `products_order`
--
ALTER TABLE `products_order`
  ADD PRIMARY KEY (`id_order`),
  ADD KEY `id_user_idx` (`id_user`);

--
-- Индексы таблицы `users`
--
ALTER TABLE `users`
  ADD PRIMARY KEY (`id_user`);

--
-- AUTO_INCREMENT для сохранённых таблиц
--

--
-- AUTO_INCREMENT для таблицы `categories`
--
ALTER TABLE `categories`
  MODIFY `id_category` int(11) NOT NULL AUTO_INCREMENT, AUTO_INCREMENT=9;
--
-- AUTO_INCREMENT для таблицы `products`
--
ALTER TABLE `products`
  MODIFY `id_product` int(11) NOT NULL AUTO_INCREMENT, AUTO_INCREMENT=103;
--
-- AUTO_INCREMENT для таблицы `products_order`
--
ALTER TABLE `products_order`
  MODIFY `id_order` int(11) NOT NULL AUTO_INCREMENT, AUTO_INCREMENT=8;
--
-- AUTO_INCREMENT для таблицы `users`
--
ALTER TABLE `users`
  MODIFY `id_user` int(11) NOT NULL AUTO_INCREMENT, AUTO_INCREMENT=3;
--
-- Ограничения внешнего ключа сохраненных таблиц
--

--
-- Ограничения внешнего ключа таблицы `products`
--
ALTER TABLE `products`
  ADD CONSTRAINT `id_category` FOREIGN KEY (`id_category`) REFERENCES `categories` (`id_category`) ON DELETE NO ACTION ON UPDATE NO ACTION;

--
-- Ограничения внешнего ключа таблицы `products_order`
--
ALTER TABLE `products_order`
  ADD CONSTRAINT `id_user` FOREIGN KEY (`id_user`) REFERENCES `users` (`id_user`) ON DELETE NO ACTION ON UPDATE NO ACTION;

/*!40101 SET CHARACTER_SET_CLIENT=@OLD_CHARACTER_SET_CLIENT */;
/*!40101 SET CHARACTER_SET_RESULTS=@OLD_CHARACTER_SET_RESULTS */;
/*!40101 SET COLLATION_CONNECTION=@OLD_COLLATION_CONNECTION */;
